d_loss,g_l2_loss_abs,g_l2_loss_rel,mad,fad,mad_l,fad_l,mad_nl,fad_nl,time,epoch
1.3741911524220516,230.2054651060635,5.058704705994225,12.304760690710657,22.340658488025923,5.341928172959641,9.630037285122476,12.659634918286663,22.988480044602387,18.29278564453125,0
1.3693038287915682,211.98199783213616,4.719627297920509,11.733558701688183,21.352307482011987,5.395590408988621,9.765079030877517,12.060938091493552,21.950831334218048,18.382275819778442,1
