d_loss,g_l2_loss_abs,g_l2_loss_rel,mad,fad,mad_l,fad_l,mad_nl,fad_nl,time,epoch
1.4999275646711652,951.2477639721524,18.1927629120536,26.55506520740669,48.96171482184297,27.06435096936348,50.01421356201172,26.5281017740786,48.90599268542557,15.979671716690063,0
