d_loss,g_l2_loss_abs,g_l2_loss_rel,mad,fad,mad_l,fad_l,mad_nl,fad_nl,time,epoch
1.3885165703924078,373.18366946978335,8.282840455694524,15.038049809760231,28.829705557683628,3.613388471405439,6.797147925520118,15.663211735088026,30.035335550711565,18.245702028274536,0
