d_loss,g_l2_loss_abs,g_l2_loss_rel,mad,fad,mad_l,fad_l,mad_nl,fad_nl,time,epoch
1.6219588706367893,1743.881767359749,32.49994495901171,36.2246176758451,66.29991923916242,37.817708853097436,69.70237186181284,36.134130778399665,66.1066617190739,17.620325803756714,0
