d_loss,g_l2_loss_abs,g_l2_loss_rel,mad,fad,mad_l,fad_l,mad_nl,fad_nl,time,epoch
1.330373205636677,502.71004861648606,10.428974037445983,17.881772130881547,33.862224189120546,8.324339751460126,15.378124126489611,18.420989532761823,34.90507161724499,17.65483593940735,0
