d_loss,g_l2_loss_abs,g_l2_loss_rel,mad,fad,mad_l,fad_l,mad_nl,fad_nl,time,epoch
1.3711389616916054,355.04927069468215,7.632749611776637,14.935105357581447,28.27012890476445,9.436896735853185,17.669152900820873,15.20261546090894,28.785909653850947,13.676991939544678,0
