d_loss,g_l2_loss_abs,g_l2_loss_rel,mad,fad,mad_l,fad_l,mad_nl,fad_nl,time,epoch
1.321999231974284,512.6469695461783,10.990478904383957,17.97155113787155,33.65974921937202,10.818023377983131,19.002456437295944,18.374651618788548,34.48568563886407,14.592221975326538,0
