d_loss,g_l2_loss_abs,g_l2_loss_rel,mad,fad,mad_l,fad_l,mad_nl,fad_nl,time,epoch
1.3996825845617997,305.6003172061412,6.808897147131088,13.426273573998468,25.25923179120624,3.296272563806659,6.04509848475935,13.944853130139803,26.242850253456517,13.651144027709961,0
