d_loss,g_l2_loss_abs,g_l2_loss_rel,mad,fad,mad_l,fad_l,mad_nl,fad_nl,time,epoch
1.405628241990742,508.842085375817,9.788735989838644,18.537548828125,33.454874482996324,27.516236431095876,51.69567403987963,18.084453245687435,32.53438033036174,16.939445972442627,0
