d_loss,g_l2_loss_abs,g_l2_loss_rel,mad,fad,mad_l,fad_l,mad_nl,fad_nl,time,epoch
1.2944009994205676,379.3937861154395,7.98645081351042,15.540542370714842,28.788763197098998,9.558507758510407,17.51089032243662,15.85577377977411,29.38306620200687,15.988272666931152,0
