d_loss,g_l2_loss_abs,g_l2_loss_rel,mad,fad,mad_l,fad_l,mad_nl,fad_nl,time,epoch
2.181857516891078,588.3676810539929,11.848024331656159,19.27043039474216,33.617601615543165,37.54165389596298,69.73523530505952,18.413271174984768,31.923211625298283,16.97894597053528,0
