d_loss,g_l2_loss_abs,g_l2_loss_rel,mad,fad,mad_l,fad_l,mad_nl,fad_nl,time,epoch
1.3805164600673474,197.8567372771053,4.706534945125399,10.676988479791016,20.196222712685476,9.652180512746176,18.550445768568252,10.738044382078765,20.294275008404014,18.4814133644104,0
1.3825810143822117,106.24304229885628,2.7859463256045056,8.131644576185046,15.350007786158766,8.057241806961562,15.710903006540217,8.136085598980227,15.328466683989465,18.756141185760498,1
1.3895921518928127,94.4233018984221,2.504829096747103,7.513855758957923,14.024954446344921,9.340571583858152,17.929353021115674,7.4211000580202935,13.82669982593912,18.64676856994629,2
1.3925182442916066,84.9873733024995,2.297787215917245,7.025819773061815,13.086360625830299,8.309709975084239,15.847769350988463,6.9512247501041236,12.925920453879893,18.67240619659424,3
1.3873750661548816,71.08297384401874,2.0377998298191624,6.510196122228373,12.21635310687512,7.148159697925638,13.54781870203694,6.477393896023111,12.147893125711665,18.57525324821472,4
