d_loss,g_l2_loss_abs,g_l2_loss_rel,mad,fad,mad_l,fad_l,mad_nl,fad_nl,time,epoch
1.3905476645419472,847.1854611143733,15.80614288204639,25.03021501068376,43.94049658843463,35.79491049927196,66.36163067561324,24.408402953006384,42.645363248900104,18.50605273246765,0
