d_loss,g_l2_loss_abs,g_l2_loss_rel,mad,fad,mad_l,fad_l,mad_nl,fad_nl,time,epoch
2.1803172826766968,764.6575705671661,15.4099097988959,22.424303698614946,41.95285428886534,20.158581528009154,37.38649570240694,22.552694837782116,42.21161560058594,16.31109380722046,0
1.484075063153317,350.42341366158115,7.518383832598573,14.75448466704643,27.668337548915197,12.845973978362958,23.781137806500574,14.85730271901319,27.877754318164023,16.19728708267212,1
