d_loss,g_l2_loss_abs,g_l2_loss_rel,mad,fad,mad_l,fad_l,mad_nl,fad_nl,time,epoch
1.4210545201050608,183.79545801956618,4.356131293947512,10.733593599150415,19.3313207484553,6.888239608332973,12.680413700117835,10.945918540467519,19.698556864271342,18.221571683883667,0
1.3995051258488704,105.16111978154554,2.7664979948776964,7.982131999520258,14.278638558771377,7.106238785104006,13.33581596343115,8.025542463903902,14.325366006781563,18.467432260513306,1
1.3764377633730571,53.72977999317486,1.6564406891417798,5.719536848750249,10.510577053629394,3.403414480768206,6.440333532693123,5.8572786458333335,10.75263801049934,18.590362787246704,2
1.399369246081302,62.36591115462542,1.6710309397289071,6.274230036094913,11.338489322093052,6.924931131998698,12.947031677246093,6.240402855215049,11.254867785337389,18.7090322971344,3
1.3947088028255261,41.359239699162835,1.2376298572875728,4.946534981756854,9.046668397868338,3.1554592273853443,5.973465442657471,5.0374598148334675,9.202681277856819,18.41601800918579,4
1.350123681520161,60.30027475801499,1.5854087811343602,6.304963343715661,11.562694242579868,5.333656210911869,9.933042421115665,6.355281988812122,11.64711845346599,18.335595846176147,5
1.366645285957738,60.534542226615564,1.578637989058255,6.344917907853031,11.59845211148239,5.296445805608889,9.831772678181277,6.408586037474698,11.7057327012949,18.43784523010254,6
1.38058434662066,36.361870894354894,1.1338659513591118,4.64702560857742,8.579405454467269,2.590839674568627,4.839875958490033,4.767700898180064,8.798874183996164,18.516010522842407,7
1.4089523177397878,31.65081979330354,1.0297447578741385,4.596607418805858,8.312566897696302,3.8003419479331875,6.989476799068594,4.640505113881693,8.385508014896374,18.425034523010254,8
