d_loss,g_l2_loss_abs,g_l2_loss_rel,mad,fad,mad_l,fad_l,mad_nl,fad_nl,time,epoch
1.3776461764385826,3417.3014922442567,65.16507287371556,47.71034155335755,83.37136948078245,83.20040022202855,157.8214339906001,45.87060513260705,79.51202006854089,19.150182962417603,0
