d_loss,g_l2_loss_abs,g_l2_loss_rel,mad,fad,mad_l,fad_l,mad_nl,fad_nl,time,epoch
1.5835582896282798,922.1482784478908,17.653438729039028,25.96559102068575,47.0917871523789,28.167497349246112,52.2767996304277,25.842744024156055,46.80250755666313,13.735198974609375,0
