d_loss,g_l2_loss_abs,g_l2_loss_rel,mad,fad,mad_l,fad_l,mad_nl,fad_nl,time,epoch
1.4303697096674066,1541.8982977495673,28.996514879664357,32.9029081363804,59.392809539695136,44.37524872429286,82.5616956869133,32.31606980388192,58.20766485070006,19.004252195358276,0
