d_loss,g_l2_loss_abs,g_l2_loss_rel,mad,fad,mad_l,fad_l,mad_nl,fad_nl,time,epoch
1.3714299390190525,544.3287352571539,11.008089243059583,19.157239968520397,35.7276327158256,13.838580627843482,25.43868674779598,19.430795819356916,36.2568270037101,16.928840398788452,0
