d_loss,g_l2_loss_abs,g_l2_loss_rel,mad,fad,mad_l,fad_l,mad_nl,fad_nl,time,epoch
1.2722115077470477,337.44158478981586,7.556391958013471,14.219673503484293,27.36154718203819,9.118864099462549,17.036537010352927,14.517880888653243,27.965176224416137,18.55950403213501,0
