d_loss,g_l2_loss_abs,g_l2_loss_rel,mad,fad,mad_l,fad_l,mad_nl,fad_nl,time,epoch
1.309760702283759,15336.082527783257,280.8601774676136,109.2562060235418,199.2070975229335,117.13822644292092,216.49488899075254,108.85589737942233,198.32908536743366,19.21019673347473,0
