d_loss,g_l2_loss_abs,g_l2_loss_rel,mad,fad,mad_l,fad_l,mad_nl,fad_nl,time,epoch
1.3764555516995882,437.8268571148569,8.581591107806988,17.165891847968116,29.868695889020238,25.83272334186025,47.79346290520862,16.76418879620847,29.037892267291326,18.397103309631348,0
