d_loss,g_l2_loss_abs,g_l2_loss_rel,mad,fad,mad_l,fad_l,mad_nl,fad_nl,time,epoch
1.3876444038591886,966.8268190997329,18.524033196127288,26.34224701872028,48.51258328549443,29.290738340284005,54.4990330680472,26.194610556040086,48.21283070458393,16.07917356491089,0
