d_loss,g_l2_loss_abs,g_l2_loss_rel,mad,fad,mad_l,fad_l,mad_nl,fad_nl,time,epoch
1.5073396783126027,270.9448506477927,5.923812723678423,13.223787325555822,25.13986015100168,7.005395131052277,12.975297320330585,13.56365902549342,25.804725455465586,13.822670221328735,0
