d_loss,g_l2_loss_abs,g_l2_loss_rel,mad,fad,mad_l,fad_l,mad_nl,fad_nl,time,epoch
1.375629606999849,535.4445436507937,10.680634990231212,18.30421532080094,33.83984982385812,13.193652656134658,24.161269150381013,18.569617398878894,34.34247833233235,18.376575469970703,0
