d_loss,g_l2_loss_abs,g_l2_loss_rel,mad,fad,mad_l,fad_l,mad_nl,fad_nl,time,epoch
1.3874245129133527,1623.9500468437036,30.551943508916455,34.91786804613297,64.04535194865768,37.7040944200881,70.031732004585,34.75676164906705,63.69920593474472,18.33248996734619,0
