d_loss,g_l2_loss_abs,g_l2_loss_rel,mad,fad,mad_l,fad_l,mad_nl,fad_nl,time,epoch
1.3584156224602146,450.85371439378986,9.952250584357115,16.864208088180877,32.39011918032736,15.274785690514376,28.975074581983613,16.945311217092755,32.5643770621046,16.874587774276733,0
