d_loss,g_l2_loss_abs,g_l2_loss_rel,mad,fad,mad_l,fad_l,mad_nl,fad_nl,time,epoch
1.6759201601931923,520.320033174356,11.29150466666464,18.289867272159498,34.65432577075628,6.340828423633099,11.7758814437799,18.842297487589104,35.712046226610234,14.997810363769531,0
