d_loss,g_l2_loss_abs,g_l2_loss_rel,mad,fad,mad_l,fad_l,mad_nl,fad_nl,time,epoch
1.4563726814169633,581.3145897695823,11.389884957078264,19.653779775193893,33.55433121213675,37.03260014091483,68.14627206998806,18.581408836549304,31.419813368055557,18.189404010772705,0
