d_loss,g_l2_loss_abs,g_l2_loss_rel,mad,fad,mad_l,fad_l,mad_nl,fad_nl,time,epoch
1.3814294965643632,514.8752501464272,10.748596008690047,18.845497974424053,35.642148567149064,14.673163619695925,27.374895111853334,19.048817994130495,36.045016451998876,15.891310930252075,0
