d_loss,g_l2_loss_abs,g_l2_loss_rel,mad,fad,mad_l,fad_l,mad_nl,fad_nl,time,epoch
1.3868608537473177,3478.043517250375,64.73783388973129,51.85136607928977,94.39874665244082,58.71448410198253,108.62044205204133,51.50136580857153,93.67347790394304,18.143484830856323,0
