d_loss,g_l2_loss_abs,g_l2_loss_rel,mad,fad,mad_l,fad_l,mad_nl,fad_nl,time,epoch
1.500576949119568,469.3241855806678,9.473668506941118,17.044387237737823,31.636644119002586,11.846232655284169,21.84415762765067,17.331189093131062,32.17693188851556,14.985832929611206,0
