d_loss,g_l2_loss_abs,g_l2_loss_rel,mad,fad,mad_l,fad_l,mad_nl,fad_nl,time,epoch
1.3525548859646446,343.44997175898834,7.442857157369482,14.717745310773031,28.08812252764165,5.502105832952628,10.172204111778685,15.156495570681788,28.94108698150797,17.140180349349976,0
