d_loss,g_l2_loss_abs,g_l2_loss_rel,mad,fad,mad_l,fad_l,mad_nl,fad_nl,time,epoch
1.3609642166840403,1095.4770120624876,23.9173395298802,27.08482234814778,52.17077870865879,10.057907498572483,19.063597773717454,27.940588087357217,53.83473256587487,16.108920335769653,0
