d_loss,g_l2_loss_abs,g_l2_loss_rel,mad,fad,mad_l,fad_l,mad_nl,fad_nl,time,epoch
1.2748431218297858,639.3324228066783,13.782695297391705,19.344451528556693,36.775190440074454,12.27716598879312,22.842840332915817,19.742934103145217,37.56075236210419,16.010074615478516,0
1.264600772606699,642.1968772288141,13.838353483839072,19.400445268936814,36.767651257962946,12.417823210788837,23.120965131624477,19.76336480500989,37.47693338193166,16.052706718444824,1
