d_loss,g_l2_loss_abs,g_l2_loss_rel,mad,fad,mad_l,fad_l,mad_nl,fad_nl,time,epoch
1.3730069210654812,207.61983505222796,4.666411550527651,11.53366974575028,22.001062849408715,9.865293626661424,18.941835741976124,11.613776940215132,22.147951756066828,18.771106481552124,0
1.3841290160229331,117.93217054263566,2.727132674027475,8.496032399416587,15.81646184403767,13.091410492899751,24.59844201242822,8.277737864139262,15.399291149639668,18.735571146011353,1
1.394725009014732,104.50437785667646,2.5173510016859493,8.21863576482411,15.268381182664054,10.307979393505988,19.11401120884212,8.109237135116041,15.067022716401901,18.914001941680908,2
1.4152618646621704,141.95770035160038,3.35716265811914,8.912918377940107,16.632278942622452,8.34190030124018,15.396968303742955,8.948827789411512,16.709963051707476,18.92623281478882,3
