d_loss,g_l2_loss_abs,g_l2_loss_rel,mad,fad,mad_l,fad_l,mad_nl,fad_nl,time,epoch
1.5128072963820562,752.9103093296201,15.040330198697864,22.186177454247066,41.431869661639645,23.642137782780203,43.9370532899391,22.108696200742894,41.29855518672743,17.536248445510864,0
1.3724152037971897,365.13623887540456,7.786300977194579,15.264623470368123,28.900406268962378,20.417397518046418,37.80591848273026,14.962764899687393,28.378705919193216,17.777244567871094,1
