d_loss,g_l2_loss_abs,g_l2_loss_rel,mad,fad,mad_l,fad_l,mad_nl,fad_nl,time,epoch
1.418571064346715,435.34166989789327,9.822079198373077,16.097474619725023,31.298266005174,4.1266470485263405,7.404314359029134,16.80540043741444,32.711296642389634,16.07935905456543,0
