d_loss,g_l2_loss_abs,g_l2_loss_rel,mad,fad,mad_l,fad_l,mad_nl,fad_nl,time,epoch
1.2532973665940135,414.15776023072857,8.571994239275503,16.85324033328375,31.292744074771917,12.683055821959558,23.322606972014288,17.07171588818879,31.710298790212118,18.707133769989014,0
