d_loss,g_l2_loss_abs,g_l2_loss_rel,mad,fad,mad_l,fad_l,mad_nl,fad_nl,time,epoch
1.3848243512605365,353.42625243968774,7.734477018191671,14.879574039522941,27.695040659795545,6.718372378814658,12.142475809887788,15.313539942314497,28.522037615623738,17.15224528312683,0
1.383950263261795,338.36730906796555,7.451504899641123,14.616625122572659,27.246893423574942,5.592483994127446,10.135716967254515,15.068106184803524,28.10297195839452,17.415374755859375,1
