d_loss,g_l2_loss_abs,g_l2_loss_rel,mad,fad,mad_l,fad_l,mad_nl,fad_nl,time,epoch
1.3312668298420154,292.1268809535226,6.9888265629495105,13.264837669116002,25.240647737761314,6.076629742473161,10.825714267030055,13.694377024580792,26.102027657361536,18.319239139556885,0
1.4347054330926192,145.30059424071237,3.5918137993405304,9.549273394113845,17.705184813798592,6.086376474417892,11.002916882084865,9.727054582379118,18.049271382530954,18.32841420173645,1
1.5750676518992375,105.82274618516762,2.5530538579469084,8.149328574675838,14.88889493707009,6.88149247820212,12.59944429333578,8.22531717985301,15.026114552038289,18.464109659194946,2
1.6217298444948698,105.33816292475728,2.4292275359021036,7.790825432342233,14.146048714350728,8.087058989073942,14.899674866488787,7.776408813865981,14.109372365210115,18.431180715560913,3
