d_loss,g_l2_loss_abs,g_l2_loss_rel,mad,fad,mad_l,fad_l,mad_nl,fad_nl,time,epoch
1.3652440435008,573.5520469608794,12.896751358915292,18.82838099640317,35.83205815046072,7.46656319847026,14.21960126062867,19.565338506700577,37.233899730169384,17.451592922210693,0
