d_loss,g_l2_loss_abs,g_l2_loss_rel,mad,fad,mad_l,fad_l,mad_nl,fad_nl,time,epoch
1.6361187257264789,1979.3776449968132,37.457576606317716,38.52493701202996,71.29817795470841,36.75711000599147,67.96715003856714,38.62342680262582,71.48375760118087,19.20110535621643,0
