d_loss,g_l2_loss_abs,g_l2_loss_rel,mad,fad,mad_l,fad_l,mad_nl,fad_nl,time,epoch
1.3311043911510043,483.83173252153745,10.374724148597995,17.794151950277502,34.068470427435386,12.480960709009414,23.20126953125,18.083759786098007,34.66081261464885,17.24583387374878,0
