d_loss,g_l2_loss_abs,g_l2_loss_rel,mad,fad,mad_l,fad_l,mad_nl,fad_nl,time,epoch
1.3601811685060199,857.1730434920033,16.459681469870095,24.25505474034389,44.70834191429215,25.631814059601528,47.66557186597014,24.174345390086497,44.53498156275096,18.28067183494568,0
