d_loss,g_l2_loss_abs,g_l2_loss_rel,mad,fad,mad_l,fad_l,mad_nl,fad_nl,time,epoch
1.4147693357969586,536.2223980565257,11.001903671602154,18.132455778683223,33.76815375497187,15.465998374091255,28.80824457804362,18.262685375966626,34.010396098042584,16.011934757232666,0
