d_loss,g_l2_loss_abs,g_l2_loss_rel,mad,fad,mad_l,fad_l,mad_nl,fad_nl,time,epoch
1.4170424875460172,270.9550276974952,5.763724090046965,12.857271094251766,23.285975791034442,22.985757235161163,44.196046303803065,12.312286676448815,22.16086522446066,19.633546113967896,0
1.4002242402026528,225.48404479718647,4.94454125157216,11.226278439333365,20.216418189049488,14.54454710836179,26.936026364762263,11.025130639573296,19.80908751975863,19.73393487930298,1
