d_loss,g_l2_loss_abs,g_l2_loss_rel,mad,fad,mad_l,fad_l,mad_nl,fad_nl,time,epoch
1.3870920005597567,947.9425520934134,17.969272521732467,26.05624460720276,47.06194018228663,34.849416328198984,64.93269926128966,25.58278028651676,46.09969621596471,16.05254626274109,0
