d_loss,g_l2_loss_abs,g_l2_loss_rel,mad,fad,mad_l,fad_l,mad_nl,fad_nl,time,epoch
1.3943447000101994,358.168584058456,7.96370685494956,14.440416801133104,27.8344337170109,5.022572440363306,10.289275055452418,14.999458036829754,28.875911471522993,17.331160068511963,0
