d_loss,g_l2_loss_abs,g_l2_loss_rel,mad,fad,mad_l,fad_l,mad_nl,fad_nl,time,epoch
1.3727383174394305,380.6721628369207,8.504178337948824,15.174921589687965,29.064177218162207,4.627602477433328,8.574616341695299,15.766763889599973,30.213908385917982,18.387463569641113,0
