d_loss,g_l2_loss_abs,g_l2_loss_rel,mad,fad,mad_l,fad_l,mad_nl,fad_nl,time,epoch
1.4713405935387862,839.7727818627451,16.668014833537583,23.787839435253268,42.01843194699755,37.154952639625186,69.85011969672308,23.093013952274134,40.57173403497576,18.50384259223938,0
