d_loss,g_l2_loss_abs,g_l2_loss_rel,mad,fad,mad_l,fad_l,mad_nl,fad_nl,time,epoch
1.3148629477149563,815.3871030968248,16.304774335330098,22.24115995922759,41.158701359454625,17.757730275598636,32.798123498180594,22.46344074918141,41.57320482057447,16.278480291366577,0
