d_loss,g_l2_loss_abs,g_l2_loss_rel,mad,fad,mad_l,fad_l,mad_nl,fad_nl,time,epoch
1.4888671887548346,400.37314302884613,8.987804674979968,14.94234393780048,28.71939462515024,8.30443342905196,15.268527413712066,15.340131715841148,29.52545969699093,13.57997441291809,0
