d_loss,g_l2_loss_abs,g_l2_loss_rel,mad,fad,mad_l,fad_l,mad_nl,fad_nl,time,epoch
1.3921496679908352,279.5190881852066,6.227521835688982,12.861024882920443,24.669748571398447,4.848351379158874,8.978666180349224,13.282145380457758,25.4944219217672,18.92268657684326,0
1.3641350833993209,300.2143183748122,6.471705650066954,13.966880376228852,26.413936386990496,13.79664561411998,25.47388977188248,13.974623046741618,26.456692224153606,19.049249172210693,1
1.4293107672741538,263.41198196469685,5.675857633725857,12.767607666702641,23.8140711751427,15.335174716447657,28.32955587686707,12.632253966475627,23.576029759612958,18.975871562957764,2
1.403940288644088,297.1857645726664,6.196519869463454,13.184640506535546,24.07999841149936,16.375396024613153,30.268371105194092,13.037394926649842,23.794420315397094,19.133256196975708,3
1.4411471580204211,294.6551181929893,6.111256250202109,13.296846010077125,24.25280074866002,16.753748392887253,30.978480441964788,13.099754310547409,23.86934310750359,19.012805700302124,4
