d_loss,g_l2_loss_abs,g_l2_loss_rel,mad,fad,mad_l,fad_l,mad_nl,fad_nl,time,epoch
1.3859061190956516,471.7002389180945,9.25649016668492,17.353484441929517,31.47088499455437,23.303794523798317,43.70685770425452,17.050306923449117,30.847443632340905,18.257385969161987,0
