d_loss,g_l2_loss_abs,g_l2_loss_rel,mad,fad,mad_l,fad_l,mad_nl,fad_nl,time,epoch
1.852583748102188,389.3027135019084,7.891755346244832,16.294164790573316,28.32107613832896,24.55058652545334,45.26590077811425,15.935762203595845,27.585518056488947,17.10141158103943,0
