d_loss,g_l2_loss_abs,g_l2_loss_rel,mad,fad,mad_l,fad_l,mad_nl,fad_nl,time,epoch
1.4624072125083523,448.1868864319519,9.31176176971412,17.14123763120763,32.35039547783361,12.074367587849245,22.782481662297652,17.381547377934922,32.8041784157707,13.358716011047363,0
