d_loss,g_l2_loss_abs,g_l2_loss_rel,mad,fad,mad_l,fad_l,mad_nl,fad_nl,time,epoch
1.3751504170267206,480.67924991877845,10.85739988806652,17.116744969338857,33.468118089820905,5.553111396525211,10.766941357684392,17.781815014515907,34.77375225066352,14.782745838165283,0
