d_loss,g_l2_loss_abs,g_l2_loss_rel,mad,fad,mad_l,fad_l,mad_nl,fad_nl,time,epoch
1.3577098407243426,227.10248211662514,5.05054623131826,11.967255560611866,22.20439982665501,11.896752699366155,22.02920094616008,11.971026740281422,22.213771384234963,18.749520301818848,0
1.3736720147885775,146.9752208679951,3.3779172498206456,9.525183624230186,17.43135808500798,11.301545609768082,20.829262931391877,9.429193443808625,17.24774398928171,19.086697816848755,1
1.3742290609761287,109.58751227621072,2.567141729921855,8.076358376551633,14.865896092316099,10.749030095128832,19.78431794701553,7.942995821712306,14.620473741759636,19.03643774986267,2
1.3659291518361945,82.19210473702586,2.0160806387794517,7.091007334748068,13.041791194877119,8.880435422310274,16.310840972081913,6.995125307143041,12.866627795963996,18.97376799583435,3
1.3600864975075972,65.90945953235945,1.7723964949351834,6.271538702690378,11.56224545823053,7.862536782750172,14.526271701783173,6.187060824897527,11.404863689239685,18.82993721961975,4
