d_loss,g_l2_loss_abs,g_l2_loss_rel,mad,fad,mad_l,fad_l,mad_nl,fad_nl,time,epoch
2.6920187724264046,7967.350231617407,146.50034049389964,78.60284852710902,142.36387456571737,90.5805673828125,167.33337939453125,77.98658470964533,141.07917733201276,18.53000783920288,0
