d_loss,g_l2_loss_abs,g_l2_loss_rel,mad,fad,mad_l,fad_l,mad_nl,fad_nl,time,epoch
1.8660233947965834,1353.616788260377,26.340617244236793,29.964715831959158,55.54052997888767,29.349831747842003,54.51273799442745,30.001996739408877,55.60284629564607,16.005285024642944,0
