d_loss,g_l2_loss_abs,g_l2_loss_rel,mad,fad,mad_l,fad_l,mad_nl,fad_nl,time,epoch
1.3838569302307933,226.1918881073336,5.223943418398707,11.468262227575062,21.83353749938941,5.548266943984144,10.251623288852961,11.777406859816166,22.438350275943154,18.37139344215393,0
1.3894888664546765,99.99175602000884,2.4733871462850314,7.793786897703244,14.352334032454198,5.6097114980220795,10.424984589219093,7.9050553223466,14.552413712686567,18.322527647018433,1
1.3878070680718673,98.3559886631331,2.434880864103807,7.525460886122153,13.942532920163428,8.745645031030627,16.466732456373133,7.467762930351391,13.823173021015368,18.581992864608765,2
1.389164410139385,94.30740293422672,2.4499207234439737,7.327152989354729,13.736058095701228,5.660231638590495,10.53250112915039,7.4122172507038,13.899538250790977,18.392937183380127,3
