d_loss,g_l2_loss_abs,g_l2_loss_rel,mad,fad,mad_l,fad_l,mad_nl,fad_nl,time,epoch
1.4843874228628058,479.8652877639591,9.482175836663185,18.54681433647898,34.070953357279926,14.368426249939718,26.19873176857277,18.778185257404463,34.50686377634075,16.35585880279541,0
