d_loss,g_l2_loss_abs,g_l2_loss_rel,mad,fad,mad_l,fad_l,mad_nl,fad_nl,time,epoch
1.3553828126505802,5063.906856089992,92.8977662553336,62.65274705238234,114.37291239878297,68.32551305195884,126.11463982935446,62.36245938455657,113.77206414054537,18.38980221748352,0
