d_loss,g_l2_loss_abs,g_l2_loss_rel,mad,fad,mad_l,fad_l,mad_nl,fad_nl,time,epoch
1.429217351110358,415.1942228419011,8.19695870084667,15.789647932327028,28.662199643095295,22.197344691457314,41.657996084175856,15.456186091624149,27.985887974330357,18.389831066131592,0
