d_loss,g_l2_loss_abs,g_l2_loss_rel,mad,fad,mad_l,fad_l,mad_nl,fad_nl,time,epoch
1.2815191557532863,212.9152446412308,4.793516367014702,11.304584774163251,20.676967266478826,3.33678707360348,6.13645983964969,11.752988705346405,21.495264648236187,13.47234845161438,0
1.2306973494981464,190.3735170432123,4.371402763561398,10.49222089992765,19.227490600489592,3.4658805460169697,6.336219638326893,10.826255307375638,19.840345858147735,13.539527177810669,1
1.2269351482391357,173.56405958301147,4.002942622206732,10.019549764075979,18.27956289303906,3.905744367175632,7.144390437338087,10.37962662294436,18.935376625607105,13.538996458053589,2
1.1742535327610217,159.73007850387972,3.7541927935812724,9.723275402622859,17.745231798617848,4.901524942068871,9.004988267016506,9.972133670196264,18.196328905931253,13.521777391433716,3
1.1005527565353794,144.20646514912627,3.4543932738183223,9.294048376989307,16.886498811727066,4.784766140840859,8.753476568993102,9.559410914621157,17.365111438579273,13.527529954910278,4
1.1161440579514754,132.19591434740113,3.188257957829624,8.934377791430334,16.208373108086185,5.014356246815886,9.231019527052414,9.148182799088437,16.588930846227445,13.511152267456055,5
1.0874605837621187,123.32665087577008,3.0234007621002097,8.699149146400659,15.809031100616275,5.204566925647212,9.60483383477903,8.883607569979905,16.136514179258953,13.506415843963623,6
1.0876221280348928,113.1967419196109,2.8102559205014965,8.325415641114011,15.059328935910965,4.999626395324943,9.225645735457137,8.502508431150202,15.369962943227668,13.674216032028198,7
1.086726354925256,103.80489919225076,2.6171343490915837,8.050512360614984,14.541787786312511,5.17068395627706,9.631566365559896,8.192286659871353,14.78351844033314,13.562472820281982,8
