d_loss,g_l2_loss_abs,g_l2_loss_rel,mad,fad,mad_l,fad_l,mad_nl,fad_nl,time,epoch
1.899436308277978,7655.504768527717,141.8479007301808,77.31488995546063,139.70939145390423,90.70111890388257,167.60814630681818,76.54120062044626,138.09691572089113,18.598535537719727,0
