d_loss,g_l2_loss_abs,g_l2_loss_rel,mad,fad,mad_l,fad_l,mad_nl,fad_nl,time,epoch
1.5320840070122166,704.1652039694853,13.968111774611295,21.901634498440327,40.268314524340575,22.61935052722359,41.87727412281421,21.857608154933445,40.169618332518525,16.016043424606323,0
1.5469732786479748,345.99316980845487,7.113790422792354,15.323430242609204,27.711895513058806,15.536374967253382,28.775456766683266,15.312656559707385,27.658085213099678,15.929268836975098,1
