d_loss,g_l2_loss_abs,g_l2_loss_rel,mad,fad,mad_l,fad_l,mad_nl,fad_nl,time,epoch
1.3772566318511963,452.92511399293977,9.549209633629143,16.70537274720942,31.127075027732154,8.19167259877709,15.010531414996137,17.186980825973027,32.038765544867644,13.898113250732422,0
