d_loss,g_l2_loss_abs,g_l2_loss_rel,mad,fad,mad_l,fad_l,mad_nl,fad_nl,time,epoch
1.3936497851421958,480.2213660307517,9.558104912621014,17.864578513548786,32.43168233467397,24.197011430594397,45.03163746637129,17.53980611145064,31.785466407497257,16.33248734474182,0
