d_loss,g_l2_loss_abs,g_l2_loss_rel,mad,fad,mad_l,fad_l,mad_nl,fad_nl,time,epoch
1.379149687917609,306.54350430474335,6.863719275402047,12.541943010376055,22.70889052601121,20.159791689867166,38.587864189817196,12.187624676736961,21.97033367678371,19.213719129562378,0
1.3779830932617188,392.70781700760557,8.722965603640096,15.163075244742492,26.7952829956727,23.721286624759525,44.1114092302752,14.772305407903984,26.004624109805636,19.33017611503601,1
