d_loss,g_l2_loss_abs,g_l2_loss_rel,mad,fad,mad_l,fad_l,mad_nl,fad_nl,time,epoch
1.3799734805759631,269.69120208013067,5.599988721866593,12.765441597409044,23.565928102181015,8.203603995126642,15.136709537743533,12.986961523083316,23.97524542945925,17.370270490646362,0
1.3705031871795654,267.89380404874214,5.546671242384041,12.686354473761792,23.35211950913915,7.349252507306527,13.494498321975486,12.979554972071556,23.893660624315785,17.58796763420105,1
1.3717247373179386,273.7701925572643,5.66591702456849,12.923446713690709,23.77213158290953,8.31481240012429,15.301469377249726,13.151289315202588,24.190905998627425,17.55968713760376,2
1.369004067621733,261.8523767898768,5.455615478271728,12.638397084686147,23.251140948894854,7.355524625634297,13.491505846565152,12.90797624477198,23.749165348724276,17.507399797439575,3
