d_loss,g_l2_loss_abs,g_l2_loss_rel,mad,fad,mad_l,fad_l,mad_nl,fad_nl,time,epoch
1.3877321230737787,688.6306353798875,15.1394879757789,20.395837228345265,39.39822333819635,10.43415263101241,19.638272410844902,20.911699300684273,40.42148493913761,13.60735297203064,0
