d_loss,g_l2_loss_abs,g_l2_loss_rel,mad,fad,mad_l,fad_l,mad_nl,fad_nl,time,epoch
1.3327459975292808,229.1876418728819,5.368096763424972,12.196169419699949,22.566692399859726,14.514606734040749,27.3134291491746,12.073973820552302,22.31651126202166,18.294156312942505,0
1.34444901190306,174.92526970819523,4.201711754697553,10.68871726005516,19.383734036849287,14.721780677143864,26.813720135649373,10.489003563876953,19.01580734362211,18.448108911514282,1
