d_loss,g_l2_loss_abs,g_l2_loss_rel,mad,fad,mad_l,fad_l,mad_nl,fad_nl,time,epoch
1.3512351575650667,162.8506097438735,3.9718598328341512,9.836756752489896,18.562035963661952,8.527348347626399,15.768192691053365,9.897126012148933,18.690843650122055,18.716655015945435,0
2.042092285658184,228.04691755836575,4.682125644708576,11.992064384727627,21.420499927802773,11.757250492389385,21.519120032970722,12.007238759417719,21.414127226594864,18.890304565429688,1
1.4016211723026477,137.2468522985471,3.0654933321982605,9.346094712561603,16.990653558077717,9.049095412583378,16.726661869517542,9.36328842428609,17.005936143167276,18.685506582260132,2
