d_loss,g_l2_loss_abs,g_l2_loss_rel,mad,fad,mad_l,fad_l,mad_nl,fad_nl,time,epoch
1.5486244904367548,578.181157279769,11.314201291877954,20.14559101967638,37.155944992492124,19.09742060552971,35.60601023699014,20.203762238663135,37.24196279522189,17.490992307662964,0
1.4613687050969977,245.99118160958682,5.103625858047326,12.571955623256795,22.860236499531766,17.793651903446634,32.77429108121502,12.284660316905324,22.314770091806096,17.512127161026,1
1.5527362698002865,509.5043411113245,9.899808288421836,19.11158506577684,34.94243738897158,24.557095087399272,45.271791969155366,18.819585907464084,34.38855686905605,17.62483048439026,2
1.443033356415598,270.2120996490727,5.5581020417252205,13.165054879537443,24.198710650932497,17.49349673917924,32.21337275011786,12.911878529649051,23.72992265892875,17.707579135894775,3
1.4360392909300954,189.27814733436352,4.101752235196945,10.708296266589803,19.784681833409792,12.555609649082399,23.19691000884434,10.60863482447323,19.600593889963356,17.57369828224182,4
1.3825232982635498,199.65093772418965,4.312822463701656,11.112932736988848,20.6274324259257,11.41563535431643,21.193282326817965,11.09651145473434,20.59673528387995,17.60742449760437,5
