d_loss,g_l2_loss_abs,g_l2_loss_rel,mad,fad,mad_l,fad_l,mad_nl,fad_nl,time,epoch
1.4550801641062687,1117.438884506672,21.154224786675048,28.662539850785514,52.690355545010846,33.141532453910386,61.62801264202784,28.428320163891193,52.222979068855054,16.152717351913452,0
