d_loss,g_l2_loss_abs,g_l2_loss_rel,mad,fad,mad_l,fad_l,mad_nl,fad_nl,time,epoch
1.3890334932427657,1233.4556021589283,23.358370114774353,29.488090484377032,53.69160914486198,33.867829591420886,62.79868505906689,29.255967703625718,53.208941043549714,16.077637910842896,0
