d_loss,g_l2_loss_abs,g_l2_loss_rel,mad,fad,mad_l,fad_l,mad_nl,fad_nl,time,epoch
1.5226434594706486,133.14750926698744,3.337495119105337,9.012983435515679,16.83830478185757,8.265128785854177,15.22950371008351,9.050460965426721,16.91892708628712,18.334199905395508,0
1.5403053948753758,156.96727593389414,3.5390578888220765,9.869083181998565,17.947663256472396,11.48483075237395,21.291985515405923,9.78250151087298,17.768454454541693,18.609471082687378,1
1.500133708903664,289.7645592781879,6.095034460967569,13.661159862215282,24.95630432741222,14.672690618605841,27.27075740269252,13.610493003275526,24.84037463818078,18.468541145324707,2
