d_loss,g_l2_loss_abs,g_l2_loss_rel,mad,fad,mad_l,fad_l,mad_nl,fad_nl,time,epoch
1.5278492162102146,762.2038259014864,14.85674180268113,23.153861285034658,42.994292743013894,23.61809078582936,43.719919172383975,23.13086928067069,42.95835334961962,18.325832843780518,0
