d_loss,g_l2_loss_abs,g_l2_loss_rel,mad,fad,mad_l,fad_l,mad_nl,fad_nl,time,epoch
1.3587388176667063,1217.1927782642538,24.383943303252902,29.50625729713952,52.53401493177174,42.00042897279559,77.87981670984922,28.810710839068065,51.123022200146366,16.999319076538086,0
