d_loss,g_l2_loss_abs,g_l2_loss_rel,mad,fad,mad_l,fad_l,mad_nl,fad_nl,time,epoch
1.5548108627921657,1033.2305901891484,19.465535313993062,27.39092668041102,49.94600604536864,28.220723716161583,52.015738210370465,27.348451878009975,49.84006345136739,15.987853527069092,0
