d_loss,g_l2_loss_abs,g_l2_loss_rel,mad,fad,mad_l,fad_l,mad_nl,fad_nl,time,epoch
1.3612159992519177,199.26269116060664,4.584874088566454,11.33377318615553,21.377853001409907,12.292132117972725,22.519136210434308,11.283464304758983,21.31794212003481,18.35046362876892,0
1.4406642286401046,130.64664242849443,2.969370353772276,9.101792860490788,16.7323260024258,9.878613461427584,18.204843500003605,9.05956260709211,16.65227533185494,18.378969430923462,1
1.4328971662019427,179.57022273612463,3.9115382555126175,10.754448953769069,19.54928122337512,11.035151766851172,20.5555394892636,10.739902086373839,19.497133923084803,18.626361846923828,2
