d_loss,g_l2_loss_abs,g_l2_loss_rel,mad,fad,mad_l,fad_l,mad_nl,fad_nl,time,epoch
1.3850086049029702,345.92642054839774,7.1418688831764126,14.896370491100924,26.348882615058226,19.525242432645317,35.71153491612815,14.66213147408198,25.875095785284778,18.458368062973022,0
