d_loss,g_l2_loss_abs,g_l2_loss_rel,mad,fad,mad_l,fad_l,mad_nl,fad_nl,time,epoch
1.3694286785627667,658.875782778865,14.49587550452544,19.495865248389595,37.89338383683953,3.7375598533480776,6.90336166082644,20.323541425291797,39.521078865216275,13.663597106933594,0
