d_loss,g_l2_loss_abs,g_l2_loss_rel,mad,fad,mad_l,fad_l,mad_nl,fad_nl,time,epoch
1.5685710279565108,869.1093064019395,16.619163725652808,23.7871717659598,41.979808173714865,42.333661815788176,79.13119539027475,22.880878839132304,40.16436976481959,17.772663354873657,0
