d_loss,g_l2_loss_abs,g_l2_loss_rel,mad,fad,mad_l,fad_l,mad_nl,fad_nl,time,epoch
1.386830449104309,244.48085615079364,5.244877015128968,13.06503875248016,23.048010695684525,10.894962334079766,19.478954804249298,13.184072711033252,23.243781649493922,15.018845558166504,0
1.3856655108301263,220.7058375252328,4.8363155308603165,12.29880332462395,21.69924345498999,9.37480118231564,16.698638738587846,12.45399629223668,21.96465309832082,14.90582013130188,1
1.3840154534892033,200.98382290083586,4.47260263553144,11.659324576427146,20.690171725844177,8.077585313102388,14.341054054341706,11.861304868845743,21.048209321850543,14.97817087173462,2
1.3776089643177234,181.41741704567684,4.111312428426171,10.954124645696808,19.483855771346832,7.043335753362536,12.570796026699785,11.177321045662307,19.878397472245915,15.067764282226562,3
1.3700291169317145,172.3729749381188,3.948152056904909,10.621388330239274,18.967999980662128,5.649623709209894,10.211574069524216,10.865122701203521,19.397272278770252,14.990422487258911,4
1.3700974991447048,155.043768123866,3.646922647922134,10.020745530037017,17.969163482333787,5.714540754045759,10.598473817685395,10.249057788777295,18.359953140992836,15.014662027359009,5
