d_loss,g_l2_loss_abs,g_l2_loss_rel,mad,fad,mad_l,fad_l,mad_nl,fad_nl,time,epoch
1.4187739522833573,481.56372667699657,9.70062691289988,18.285480951199236,33.39717116532297,16.626422216021826,30.509099390599633,18.363186141419135,33.532440309300235,17.59188175201416,0
1.3627042958610935,200.49587169895773,4.422995230648339,11.27442374132777,20.214472364011847,13.239730756710737,24.31713608961839,11.171257772278166,19.99910900748284,17.72675395011902,1
1.4040638647581403,453.6664939925469,9.080275646122463,17.819980390946252,32.79801325625241,20.342170981580455,37.644023468348095,17.67771879825477,32.524679231731064,17.500962257385254,2
1.379563940198798,281.55322178930754,5.8587602575345645,13.574809555221279,24.820398808936673,16.36303597326814,30.287400969934627,13.404994925744733,24.48743559756305,17.603485107421875,3
1.3685849465821918,199.7961868419363,4.269248848764726,11.253986250882768,20.045062378117777,13.061782535356967,24.129111972250957,11.161381879766484,19.835857223754807,17.662174701690674,4
1.3874921861447786,254.4569751984127,5.2472422185019845,12.393412822420634,22.093150948660714,13.395352312771065,24.67682661886109,12.339302761953757,21.953619261004317,17.505362272262573,5
