d_loss,g_l2_loss_abs,g_l2_loss_rel,mad,fad,mad_l,fad_l,mad_nl,fad_nl,time,epoch
1.5241863978536505,968.603614004061,17.965736453625468,26.378554183451236,47.07447972956376,35.28447024528123,65.0961458701787,25.910693645510168,46.12773538488883,18.41144108772278,0
