d_loss,g_l2_loss_abs,g_l2_loss_rel,mad,fad,mad_l,fad_l,mad_nl,fad_nl,time,epoch
1.3813409930781315,779.5247725095785,16.306250810684066,22.06924389367816,42.47630844408525,15.49023987173337,29.101352196408993,22.449186296859168,43.2487226522923,14.968125343322754,0
