d_loss,g_l2_loss_abs,g_l2_loss_rel,mad,fad,mad_l,fad_l,mad_nl,fad_nl,time,epoch
1.4748792714542813,3786.632997137341,69.17690077641302,54.135516786914984,97.36125830087877,63.39098725275616,117.07343360514956,53.63474698464912,96.2947269736842,16.875556468963623,0
