d_loss,g_l2_loss_abs,g_l2_loss_rel,mad,fad,mad_l,fad_l,mad_nl,fad_nl,time,epoch
1.2711595045892816,406.13918067226894,8.762764971540943,16.159795168067227,30.536158576802816,7.784754515005872,14.070984215829887,16.59904550489339,31.399716652258586,18.593311548233032,0
