d_loss,g_l2_loss_abs,g_l2_loss_rel,mad,fad,mad_l,fad_l,mad_nl,fad_nl,time,epoch
1.3850633470635665,153.45843896797436,3.9352512343878945,9.79317967832516,17.47459282309322,6.824731492881867,12.22168336497794,9.959121541480243,17.768240098092196,18.30215620994568,0
1.3922348336169594,121.65475316811036,3.2391338388775264,8.92502641136309,15.876832206072546,6.818761575701326,12.158417460519516,9.034647862663697,16.070358282547335,18.5071280002594,1
1.3890224506980495,93.1577686296115,2.6231295783341495,7.7513143581150015,13.757973188050931,3.9952037514093433,6.851059603051664,7.953697752696635,14.13012513870252,18.360415935516357,2
1.3919475956967002,87.26025503565921,2.4433781592712953,7.323874342934817,13.069338808081751,2.9192247506765843,5.237829653886113,7.569473459121896,13.506016173496642,18.4216787815094,3
