d_loss,g_l2_loss_abs,g_l2_loss_rel,mad,fad,mad_l,fad_l,mad_nl,fad_nl,time,epoch
1.373546324278179,782.569800396284,16.88862384941613,21.66760288006318,41.53315078536104,14.21307502190272,26.2853422164917,22.05906109775641,42.333856770833336,18.729591131210327,0
