d_loss,g_l2_loss_abs,g_l2_loss_rel,mad,fad,mad_l,fad_l,mad_nl,fad_nl,time,epoch
1.4066430267534757,550.9555536451169,12.460710869952349,18.20988756898048,35.479883081155435,2.9495439023387675,5.791527012416295,18.98172560717296,36.98146144069983,13.7484769821167,0
