d_loss,g_l2_loss_abs,g_l2_loss_rel,mad,fad,mad_l,fad_l,mad_nl,fad_nl,time,epoch
1.4217768468354877,292.60809965610537,6.0306570847798096,13.510054983925777,24.926304865508264,7.067877050286161,12.986560807028651,13.859393591602233,25.573758557506444,13.816863298416138,0
