d_loss,g_l2_loss_abs,g_l2_loss_rel,mad,fad,mad_l,fad_l,mad_nl,fad_nl,time,epoch
1.3824116932718378,2440.31080904883,48.108665895552186,40.820873009567116,74.47401308551731,34.27683201039813,63.58075722256589,41.20143541752898,75.1074982699969,19.277344226837158,0
