d_loss,g_l2_loss_abs,g_l2_loss_rel,mad,fad,mad_l,fad_l,mad_nl,fad_nl,time,epoch
1.3351008327383744,1088.4079541748206,20.18243372370352,28.317725915280494,51.19901311766145,34.19064843685921,63.079332907368816,28.010534513788784,50.57759569347199,18.218732595443726,0
