d_loss,g_l2_loss_abs,g_l2_loss_rel,mad,fad,mad_l,fad_l,mad_nl,fad_nl,time,epoch
1.9528166243904514,1064.5411846615252,20.016370472962397,27.566613265028675,50.16414592396678,30.700148076596466,56.69972255540931,27.41730516495753,49.85273490101253,16.158207654953003,0
