d_loss,g_l2_loss_abs,g_l2_loss_rel,mad,fad,mad_l,fad_l,mad_nl,fad_nl,time,epoch
1.3742011032606427,343.2124686837541,6.974093365823938,15.691261964411897,28.541823937957698,19.209314777155353,35.6978025890532,15.495894173150596,28.14443113049227,15.798761367797852,0
