d_loss,g_l2_loss_abs,g_l2_loss_rel,mad,fad,mad_l,fad_l,mad_nl,fad_nl,time,epoch
1.3589660995884945,363.1780946799505,7.836776960933939,14.984050051483036,28.457358328805675,6.659526773678359,12.188280690100886,15.407881547038595,29.285675004972028,13.82033109664917,0
