d_loss,g_l2_loss_abs,g_l2_loss_rel,mad,fad,mad_l,fad_l,mad_nl,fad_nl,time,epoch
1.3627654125815944,648.7709066901408,13.40343957926897,20.422057152883518,37.83024652348211,15.696686638726128,28.144006978610395,20.64528123909956,38.28781829280447,13.526341199874878,0
