d_loss,g_l2_loss_abs,g_l2_loss_rel,mad,fad,mad_l,fad_l,mad_nl,fad_nl,time,epoch
1.421538633108139,524.5741846795601,11.417279379088452,17.77863243970026,34.41029364275218,2.7366540712820258,5.008919034685407,18.57758764362437,35.9719485931884,13.589944839477539,0
