d_loss,g_l2_loss_abs,g_l2_loss_rel,mad,fad,mad_l,fad_l,mad_nl,fad_nl,time,epoch
1.3403147772738808,447.81114069863713,9.738227763581072,16.515156993834385,31.755946041656717,4.3159811068803835,8.031098259819878,17.086078385416666,32.86626923828125,14.600425481796265,0
