d_loss,g_l2_loss_abs,g_l2_loss_rel,mad,fad,mad_l,fad_l,mad_nl,fad_nl,time,epoch
1.5912833903965198,780.5824230387288,16.077809306210693,21.70820299569679,40.881285105821746,19.591003653625723,36.37005438491644,21.82301801706013,41.12592646664311,17.432044506072998,0
1.3805468835328754,288.41119614512473,6.695795624797538,13.224352564686589,25.154783922497572,10.445660361265524,19.235752809964694,13.372246100413681,25.4698197207651,17.55098581314087,1
1.382765487620705,486.517932074482,9.996698563098283,17.43856069593332,32.1275087322052,19.03496301662155,34.95385487874349,17.363606100485654,31.99480487251596,17.480092763900757,2
1.3967278380143016,732.1579124291023,14.363323332783265,21.51332496261572,39.34331739408126,25.69305314901869,47.263062264755185,21.30116055602651,38.941308312782574,17.724179983139038,3
1.4014326459483097,509.9051876486087,10.153729394349254,17.576941715767784,32.07896817238409,20.451557542311658,37.627672642137036,17.419708479480143,31.775470648319946,17.439275979995728,4
