d_loss,g_l2_loss_abs,g_l2_loss_rel,mad,fad,mad_l,fad_l,mad_nl,fad_nl,time,epoch
1.5888285574160124,471.61121608527134,9.457205018824693,18.077788691557654,32.45597576762355,25.029804396420978,46.665049349324086,17.69843272329944,31.68061895660893,13.852904319763184,0
