d_loss,g_l2_loss_abs,g_l2_loss_rel,mad,fad,mad_l,fad_l,mad_nl,fad_nl,time,epoch
1.3882978464427747,772.0560248845978,14.719407835255348,23.034700254169106,41.282449227130876,35.63333397580866,66.71847247360344,22.345287401212026,39.89055769935456,15.070955276489258,0
