d_loss,g_l2_loss_abs,g_l2_loss_rel,mad,fad,mad_l,fad_l,mad_nl,fad_nl,time,epoch
1.399460334526865,1778.2388577845259,34.16753962346587,31.22439326722338,54.459128941094136,67.8101100137789,128.14554209251926,29.077913480133613,50.13595488465692,17.729054927825928,0
