d_loss,g_l2_loss_abs,g_l2_loss_rel,mad,fad,mad_l,fad_l,mad_nl,fad_nl,time,epoch
1.5028938306005377,789.4149452344351,14.854125382318088,24.209604641061365,43.05533284943073,33.32292237614769,61.86169361220047,23.74390629733892,42.094311952446475,13.824808597564697,0
