d_loss,g_l2_loss_abs,g_l2_loss_rel,mad,fad,mad_l,fad_l,mad_nl,fad_nl,time,epoch
1.3286171335923045,673.2760947413959,14.72870176208101,20.68653889676665,39.78948403101567,7.721851984659831,13.59859362244606,21.357713494270307,41.14537233790445,17.072048664093018,0
