d_loss,g_l2_loss_abs,g_l2_loss_rel,mad,fad,mad_l,fad_l,mad_nl,fad_nl,time,epoch
1.4552664505807977,212.30037268429177,4.6949723740733145,11.894652864884858,21.976407497557652,11.180418733131535,20.71505520992352,11.9325343023945,22.043306806130612,18.667927503585815,0
1.4591489089162726,155.096014669529,3.5244881369128938,10.112200786383115,18.22858976294155,12.668719071192099,23.540921377628408,9.989316404918354,17.973241807980926,18.925538778305054,1
1.4990550091392116,144.2655939801473,3.3464851411153136,9.667088248979347,17.62231337430956,13.353672215797983,24.928999752774565,9.459867502187754,17.21160868855266,18.867050170898438,2
