d_loss,g_l2_loss_abs,g_l2_loss_rel,mad,fad,mad_l,fad_l,mad_nl,fad_nl,time,epoch
1.382469848582619,219.44585547099368,4.7092902947799,11.628007406144297,21.232512557139096,7.370013738371915,13.731173035282417,11.88564839784264,21.686401094543147,18.28179669380188,0
1.3952013386620417,180.22367092728112,3.9289890562934713,10.330398656144927,18.762695022776157,5.372990576668854,9.922671514613027,10.601329291551504,19.24581691469806,18.394457578659058,1
1.3879805991524143,153.22972412582334,3.4251079478036615,9.557080160104288,17.314090177468763,6.317856198265439,11.699621386994096,9.733067464724606,17.61912456836576,18.394652843475342,2
