d_loss,g_l2_loss_abs,g_l2_loss_rel,mad,fad,mad_l,fad_l,mad_nl,fad_nl,time,epoch
1.3997798907129388,418.9098046429928,8.072789172037204,17.02614508412853,30.970344007400065,18.387697453121486,34.298892178981426,16.95026037751019,30.784831740708952,17.458638906478882,0
1.3943790699306287,517.7568202911293,10.00443269312964,19.038520601309106,34.39602175761406,24.855654667386517,45.8880105367521,18.74479821449952,33.81576062031763,17.454103231430054,1
