d_loss,g_l2_loss_abs,g_l2_loss_rel,mad,fad,mad_l,fad_l,mad_nl,fad_nl,time,epoch
1.4742708206176758,271.70834947069454,5.638053706903159,13.261585490696811,24.369216552545264,10.868582896697216,20.08438876958994,13.362018575968523,24.549047930381104,15.09799337387085,0
