d_loss,g_l2_loss_abs,g_l2_loss_rel,mad,fad,mad_l,fad_l,mad_nl,fad_nl,time,epoch
1.4569778065932424,1121.192572778099,20.86573599212374,28.920340339028662,52.48236708809283,34.561771277225375,63.932337704383336,28.631065612966154,51.895248926454194,17.550880432128906,0
