d_loss,g_l2_loss_abs,g_l2_loss_rel,mad,fad,mad_l,fad_l,mad_nl,fad_nl,time,epoch
1.335448340365761,382.25168385131616,7.892958015956884,15.049055913229736,28.039328687726005,10.087312254431652,18.504581866347998,15.341768978989856,28.601821649891328,18.125227689743042,0
