d_loss,g_l2_loss_abs,g_l2_loss_rel,mad,fad,mad_l,fad_l,mad_nl,fad_nl,time,epoch
1.536017279875906,2505.694079377534,46.58869976583954,43.675592629258205,80.13533646773244,48.18222171779195,89.40468737752143,43.39480962830798,79.55781437213481,15.034586429595947,0
