d_loss,g_l2_loss_abs,g_l2_loss_rel,mad,fad,mad_l,fad_l,mad_nl,fad_nl,time,epoch
1.2762332715486224,797.7050265821164,14.861583274784621,23.648443129683898,42.440252727769504,28.760873498788538,53.44708140167125,23.36539862075813,41.830869514931045,13.847105026245117,0
