d_loss,g_l2_loss_abs,g_l2_loss_rel,mad,fad,mad_l,fad_l,mad_nl,fad_nl,time,epoch
1.328933132322211,839.3169154717475,15.748802011720029,24.761458384485692,43.28432662265518,36.27688545523239,67.11643718428401,24.169277287277986,42.05876054413207,18.48778200149536,0
