d_loss,g_l2_loss_abs,g_l2_loss_rel,mad,fad,mad_l,fad_l,mad_nl,fad_nl,time,epoch
1.3576700561924984,418.10414046882056,8.170101985192172,16.54779759241794,29.6900162212529,18.905576277367864,34.687504860206886,16.41785280106059,29.41458865568866,15.901843309402466,0
1.4427671432495117,208.75823929678418,4.488870980618583,11.628940744361843,21.36180997402896,13.435993416599496,24.764964330764045,11.53619609348481,21.187147462926426,16.005552053451538,1
1.4447430999655473,380.9536747629955,7.751037298635634,15.860728903217852,29.415603023149696,16.987876836975538,31.608990081692628,15.786671352153682,29.271489241920516,16.266355752944946,2
1.392009829220019,366.61996583538007,7.540591519262863,15.126652757769696,28.062439945004016,17.93676748105891,33.19696301176348,14.980309968818327,27.79504891935624,16.096088886260986,3
1.3781993765580027,281.46099561743966,6.068074031005401,13.180473727885051,24.525167946766448,16.215405361711486,29.91773025260484,13.03092103239751,24.25943791679393,15.911054611206055,4
1.3782416519365812,205.28123193989597,4.772519256585918,10.947170997579946,20.410345787029232,12.498327806920548,22.988872483546633,10.866375050404928,20.27603625671362,16.23276138305664,5
