d_loss,g_l2_loss_abs,g_l2_loss_rel,mad,fad,mad_l,fad_l,mad_nl,fad_nl,time,epoch
1.5413889508498342,290.17189451071243,6.267001596284339,13.084169213328076,24.60097448306881,5.27604989734423,9.857782851817996,13.502635406929443,25.391116222703314,16.39809775352478,0
1.455939819938258,257.0263535610465,5.596572379178779,12.181841299761789,22.86595071008963,4.83071561222188,8.962164212946305,12.611599559294872,23.678787560096154,16.07929277420044,1
1.4242240190505981,233.480944804675,5.10896098503042,11.64917653548271,21.755731699537705,6.009565958658854,11.087316802978515,11.93371771726791,22.293997343276992,16.173272132873535,2
1.365799119597987,218.59085106036952,4.777080646071185,11.274648419711976,20.942731013063526,6.555287717568754,12.060353770400539,11.531008672518004,21.425230577256944,16.42254614830017,3
1.3625984505603188,196.64654901296691,4.3191269036070254,10.700126705535126,19.821905769184244,6.756153311207022,12.439857829700816,10.93122190290369,20.254453653196066,16.413421154022217,4
1.367877527287132,177.82350412171706,3.952432194342773,10.264363144294212,18.958990677223802,7.346604321846037,13.542778740364335,10.420079648236692,19.248045388754313,16.304166793823242,5
