d_loss,g_l2_loss_abs,g_l2_loss_rel,mad,fad,mad_l,fad_l,mad_nl,fad_nl,time,epoch
1.3753849707151715,1313.1111469072166,24.61680729067233,31.228254487439543,57.1421562156954,35.185282735327206,65.04332042875744,30.99294494168015,56.67230481391586,17.531639575958252,0
