d_loss,g_l2_loss_abs,g_l2_loss_rel,mad,fad,mad_l,fad_l,mad_nl,fad_nl,time,epoch
1.3485324821974103,205.55066208669552,4.4149387507021665,11.55146756016081,21.640360438244194,7.897875615792681,14.626903119937394,11.746911432955802,22.01553560494635,15.540437459945679,0
1.3215359512128328,120.98692548275753,2.717532908422707,8.85182601094754,16.29770318614001,7.897407827926289,14.603638062994165,8.899451278859804,16.382236445547345,15.737830877304077,1
1.3742216888226961,93.25973770897141,2.151223370102731,7.652043995411801,14.030133935247775,6.745150686352143,12.472985399796276,7.7008923552446875,14.114007170651982,15.879847526550293,2
1.3768033667614585,80.45444560839343,1.916039304721505,7.073170053961216,13.047575780184175,5.182027771359398,9.612954194205148,7.182327030401807,13.245822230999407,15.847235441207886,3
1.392477179828443,85.73209036458333,2.056591609700521,7.245053092447916,13.448661962890625,6.789735339936756,12.61278081202245,7.271349332403392,13.49693700872316,15.761223793029785,4
