d_loss,g_l2_loss_abs,g_l2_loss_rel,mad,fad,mad_l,fad_l,mad_nl,fad_nl,time,epoch
1.3863361258255809,464.9462328378991,9.074527416102017,18.11996976394016,32.828862117799204,19.270023015540417,36.2302342812846,18.060269387283704,32.652293754311,18.443896532058716,0
