d_loss,g_l2_loss_abs,g_l2_loss_rel,mad,fad,mad_l,fad_l,mad_nl,fad_nl,time,epoch
1.793822589673494,819.3405427103404,15.72133660484907,23.12297574963873,40.06639119701349,43.65529330006073,82.0694699494735,22.070783011781785,37.91391335514989,13.457943439483643,0
