d_loss,g_l2_loss_abs,g_l2_loss_rel,mad,fad,mad_l,fad_l,mad_nl,fad_nl,time,epoch
1.525899472989534,231.02632686355224,4.913806798181321,12.13240601964867,22.6776113464484,11.080583530588822,20.564354127666117,12.194014705044081,22.801391750006335,18.266984462738037,0
1.3413458121450323,619.6578188113099,11.865881127730894,21.251407021382317,38.964014639233504,25.05934974510878,46.18549631266576,21.042000774697307,38.56689175692472,18.560517072677612,1
1.3489520737999363,330.9252455670366,6.586431605245009,15.088191230346665,27.64235575428148,18.07507327877932,33.29627359513756,14.920375419992926,27.324694103836144,18.399617671966553,2
