d_loss,g_l2_loss_abs,g_l2_loss_rel,mad,fad,mad_l,fad_l,mad_nl,fad_nl,time,epoch
1.4049568991912038,433.0128936401375,9.017139694868083,16.48447520898197,30.373076899688655,18.987644543992808,35.218351913940865,16.33968460797053,30.09281213414085,16.058098316192627,0
1.3839648020894904,449.18214519829564,8.920670380868977,17.07758886686742,30.85475183597591,24.064154917942105,44.56229216008848,16.668924306784277,30.052957577669652,15.940767765045166,1
