d_loss,g_l2_loss_abs,g_l2_loss_rel,mad,fad,mad_l,fad_l,mad_nl,fad_nl,time,epoch
1.4186174179378308,338.63950386012715,7.200366720949705,14.61670593443866,27.60131674380839,5.96458779188691,10.7133729420011,15.062946641765588,28.472327964304903,18.226196765899658,0
