d_loss,g_l2_loss_abs,g_l2_loss_rel,mad,fad,mad_l,fad_l,mad_nl,fad_nl,time,epoch
1.3781255232660394,404.64232500481415,8.104468116635374,16.402418658029237,29.387029320569756,22.231724067970557,41.32374954223633,16.105113714223673,28.778235127631046,13.682135105133057,0
