d_loss,g_l2_loss_abs,g_l2_loss_rel,mad,fad,mad_l,fad_l,mad_nl,fad_nl,time,epoch
1.3853309154510498,1413.0363475177305,26.162436081360617,32.8325149451313,58.59694512081896,41.62799400916467,77.22913254957933,32.371182534378995,57.619667027057694,18.393170595169067,0
