d_loss,g_l2_loss_abs,g_l2_loss_rel,mad,fad,mad_l,fad_l,mad_nl,fad_nl,time,epoch
1.2891524716427452,421.38842520703935,8.94943360512301,16.746360257545614,31.783764098741994,7.327329883467679,13.495542267621573,17.198534997330146,32.66171714093648,13.666118621826172,0
